<?xml version="1.0" encoding="UTF-8"?>
<project-private xmlns="http://www.netbeans.org/ns/project-private/1">
    <editor-bookmarks xmlns="http://www.netbeans.org/ns/editor-bookmarks/2" lastBookmarkId="0"/>
    <open-files xmlns="http://www.netbeans.org/ns/projectui-open-files/2">
        <group>
            <file>file:/D:/University/5th%20semester/scdLab/SemesterProject3.2/src/signup.java</file>
            <file>file:/D:/University/5th%20semester/scdLab/SemesterProject3.2/src/Admin.java</file>
            <file>file:/D:/University/5th%20semester/scdLab/SemesterProject3.2/src/voting.java</file>
            <file>file:/D:/University/5th%20semester/scdLab/SemesterProject3.2/src/login.java</file>
        </group>
    </open-files>
</project-private>
